Workbook

Sheet Base
A1: Eixo | B1: Critério | C1: Descrição | D1: 1 | E1: 2 | F1: 3 | G1: 4 | H1: 5 | J1: 1 | K1: 2 | L1: 3 | M1: 4 | N1: 5
A2: Processos | B2: Mapeamento de processos | C2: Existência, detalhamento, atualização | D2: =J$1&"- "&J2 -> 1- Não existem processos mapeados. A operação funciona com base em conhecimento tácito, experiência individual e improviso. | E2: =K$1&"- "&K2 -> 2- Existem mapeamentos pontuais ou informais, incompletos e que não refletem fielmente a prática operacional. | F2: =L$1&"- "&L2 -> 3- Processos mapeados, porém com baixo detalhamento, desatualizados ou pouco utilizados. | G2: =M$1&"- "&M2 -> 4- Processos mapeados, detalhados, atualizados e utilizados como referência operacional. | H2: =N$1&"- "&N2 -> 5- Mapeamento completo, governado, integrado à gestão e utilizado como base oficial da operação. | J2: Não existem processos mapeados. A operação funciona com base em conhecimento tácito, experiência individual e improviso. | K2: Existem mapeamentos pontuais ou informais, incompletos e que não refletem fielmente a prática operacional. | L2: Processos mapeados, porém com baixo detalhamento, desatualizados ou pouco utilizados. | M2: Processos mapeados, detalhados, atualizados e utilizados como referência operacional. | N2: Mapeamento completo, governado, integrado à gestão e utilizado como base oficial da operação.
A3: Processos | B3: Padronização | C3: Documentação e uso real | D3: =J$1&"- "&J3 -> 1- Inexistência de padrões formais. Execução varia conforme pessoas e turnos. | E3: =K$1&"- "&K3 -> 2- Padrões informais ou pouco difundidos, sem uso consistente. | F3: =L$1&"- "&L3 -> 3- Padrões documentados, porém com baixa aderência na prática. | G3: =M$1&"- "&M3 -> 4- Padrões claros, documentados e utilizados regularmente na operação. | H3: =N$1&"- "&N3 -> 5- Padronização madura, integrada à cultura e continuamente aprimorada. | J3: Inexistência de padrões formais. Execução varia conforme pessoas e turnos. | K3: Padrões informais ou pouco difundidos, sem uso consistente. | L3: Padrões documentados, porém com baixa aderência na prática. | M3: Padrões claros, documentados e utilizados regularmente na operação. | N3: Padronização madura, integrada à cultura e continuamente aprimorada.
A4: Processos | B4: Trabalho padronizado | C4: Rotinas claras | D4: =J$1&"- "&J4 -> 1- Ausência de rotinas claras. Execução altamente variável. | E4: =K$1&"- "&K4 -> 2- Rotinas implícitas ou verbais, dependentes da experiência individual. | F4: =L$1&"- "&L4 -> 3- Rotinas definidas, porém seguidas de forma inconsistente. | G4: =M$1&"- "&M4 -> 4- Rotinas claras, padronizadas e seguidas de forma disciplinada. | H4: =N$1&"- "&N4 -> 5- Trabalho padronizado robusto, base da produtividade e melhoria contínua. | J4: Ausência de rotinas claras. Execução altamente variável. | K4: Rotinas implícitas ou verbais, dependentes da experiência individual. | L4: Rotinas definidas, porém seguidas de forma inconsistente. | M4: Rotinas claras, padronizadas e seguidas de forma disciplinada. | N4: Trabalho padronizado robusto, base da produtividade e melhoria contínua.
A5: Processos | B5: Controles operacionais | C5: Checklists, auditorias | D5: =J$1&"- "&J5 -> 1- Inexistência de controles formais. | E5: =K$1&"- "&K5 -> 2- Controles pontuais e informais, sem método. | F5: =L$1&"- "&L5 -> 3- Controles definidos, porém aplicados de forma irregular. | G5: =M$1&"- "&M5 -> 4- Checklists e auditorias aplicados regularmente para correção de desvios. | H5: =N$1&"- "&N5 -> 5- Controles sistemáticos, gerando aprendizado e prevenção de falhas. | J5: Inexistência de controles formais. | K5: Controles pontuais e informais, sem método. | L5: Controles definidos, porém aplicados de forma irregular. | M5: Checklists e auditorias aplicados regularmente para correção de desvios. | N5: Controles sistemáticos, gerando aprendizado e prevenção de falhas.
A6: Processos | B6: Aderência ao processo | C6: Execução real vs. processo | D6: =J$1&"- "&J6 -> 1- Execução não aderente aos processos definidos. | E6: =K$1&"- "&K6 -> 2- Aderência parcial, com desvios frequentes. | F6: =L$1&"- "&L6 -> 3- Aderência majoritária, porém instável. | G6: =M$1&"- "&M6 -> 4- Alta aderência, com tratamento estruturado de desvios. | H6: =N$1&"- "&N6 -> 5- Aderência plena e disciplinada entre processo e execução. | J6: Execução não aderente aos processos definidos. | K6: Aderência parcial, com desvios frequentes. | L6: Aderência majoritária, porém instável. | M6: Alta aderência, com tratamento estruturado de desvios. | N6: Aderência plena e disciplinada entre processo e execução.
A7: Processos | B7: Medição de desempenho | C7: Medição contínua de resultados | D7: =J$1&"- "&J7 -> 1- Inexistência de indicadores de processo. | E7: =K$1&"- "&K7 -> 2- Medições pontuais e reativas. | F7: =L$1&"- "&L7 -> 3- Indicadores definidos, porém pouco utilizados. | G7: =M$1&"- "&M7 -> 4- Medição contínua orientando decisões e melhorias. | H7: =N$1&"- "&N7 -> 5- Medição integrada à gestão e ciclos de melhoria contínua. | J7: Inexistência de indicadores de processo. | K7: Medições pontuais e reativas. | L7: Indicadores definidos, porém pouco utilizados. | M7: Medição contínua orientando decisões e melhorias. | N7: Medição integrada à gestão e ciclos de melhoria contínua.
A8: Operação | B8: Slotting e layout | C8: Otimização do espaço e fluxo de produtos | D8: =J$1&"- "&J8 -> 1- Não existe lógica definida de slotting ou layout. O armazenamento ocorre de forma aleatória, gerando deslocamentos excessivos, congestionamentos e baixa produtividade. | E8: =K$1&"- "&K8 -> 2- Existe alguma lógica básica de layout, porém sem critérios claros de giro, peso ou frequência. O fluxo ainda é ineficiente e reativo. | F8: =L$1&"- "&L8 -> 3- O layout e o slotting estão definidos, porém com limitações. A organização reduz alguns desperdícios, mas não é revisada com frequência. | G8: =M$1&"- "&M8 -> 4- Layout e slotting estruturados, considerando giro, peso e fluxo. Reduz deslocamentos, melhora produtividade e é revisado periodicamente. | H8: =N$1&"- "&N8 -> 5- Layout e slotting altamente otimizados, baseados em dados, revisados continuamente e alinhados à estratégia operacional. | J8: Não existe lógica definida de slotting ou layout. O armazenamento ocorre de forma aleatória, gerando deslocamentos excessivos, congestionamentos e baixa produtividade. | K8: Existe alguma lógica básica de layout, porém sem critérios claros de giro, peso ou frequência. O fluxo ainda é ineficiente e reativo. | L8: O layout e o slotting estão definidos, porém com limitações. A organização reduz alguns desperdícios, mas não é revisada com frequência. | M8: Layout e slotting estruturados, considerando giro, peso e fluxo. Reduz deslocamentos, melhora produtividade e é revisado periodicamente. | N8: Layout e slotting altamente otimizados, baseados em dados, revisados continuamente e alinhados à estratégia operacional.
A9: Operação | B9: Acuracidade de inventário | C9: Processos de contagem e verificação | D9: =J$1&"- "&J9 -> 1- Não existem processos formais de inventário. As informações de estoque são pouco confiáveis. | E9: =K$1&"- "&K9 -> 2- Existem contagens pontuais ou inventários esporádicos, com alto índice de divergência. | F9: =L$1&"- "&L9 -> 3- Inventários e contagens cíclicas definidos, porém com resultados instáveis e ações corretivas limitadas. | G9: =M$1&"- "&M9 -> 4- Processos de contagem estruturados, com boa acuracidade e tratamento sistemático de divergências. | H9: =N$1&"- "&N9 -> 5- Acuracidade elevada e estável, com inventário confiável e integrado à gestão e decisão. | J9: Não existem processos formais de inventário. As informações de estoque são pouco confiáveis. | K9: Existem contagens pontuais ou inventários esporádicos, com alto índice de divergência. | L9: Inventários e contagens cíclicas definidos, porém com resultados instáveis e ações corretivas limitadas. | M9: Processos de contagem estruturados, com boa acuracidade e tratamento sistemático de divergências. | N9: Acuracidade elevada e estável, com inventário confiável e integrado à gestão e decisão.
A10: Operação | B10: Produtividade no picking | C10: Eficiência na separação de pedidos | D10: =J$1&"- "&J10 -> 1- Não existe medição de produtividade. O picking depende de esforço individual. | E10: =K$1&"- "&K10 -> 2- A produtividade é percebida de forma empírica, sem metas ou controle estruturado. | F10: =L$1&"- "&L10 -> 3- A produtividade é medida, porém com uso limitado e grande variabilidade entre turnos. | G10: =M$1&"- "&M10 -> 4- Produtividade acompanhada com indicadores, metas claras e ações de melhoria. | H10: =N$1&"- "&N10 -> 5- Alta produtividade estável, com métodos otimizados, padronização e melhoria contínua. | J10: Não existe medição de produtividade. O picking depende de esforço individual. | K10: A produtividade é percebida de forma empírica, sem metas ou controle estruturado. | L10: A produtividade é medida, porém com uso limitado e grande variabilidade entre turnos. | M10: Produtividade acompanhada com indicadores, metas claras e ações de melhoria. | N10: Alta produtividade estável, com métodos otimizados, padronização e melhoria contínua.
A11: Operação | B11: Lead times operacionais | C11: Tempo entre etapas do processo | D11: =J$1&"- "&J11 -> 1- Não existe controle de tempos entre etapas. O processo é imprevisível. | E11: =K$1&"- "&K11 -> 2- Existem estimativas informais de tempo, sem medição consistente. | F11: =L$1&"- "&L11 -> 3- Lead times medidos, porém com alta variabilidade e pouca gestão sobre desvios. | G11: =M$1&"- "&M11 -> 4- Lead times controlados, com metas, monitoramento e redução de gargalos. | H11: =N$1&"- "&N11 -> 5- Lead times previsíveis, estáveis e continuamente otimizados. | J11: Não existe controle de tempos entre etapas. O processo é imprevisível. | K11: Existem estimativas informais de tempo, sem medição consistente. | L11: Lead times medidos, porém com alta variabilidade e pouca gestão sobre desvios. | M11: Lead times controlados, com metas, monitoramento e redução de gargalos. | N11: Lead times previsíveis, estáveis e continuamente otimizados.
A12: Operação | B12: Controle de qualidade | C12: Acuracidade na separação e conferência | D12: =J$1&"- "&J12 -> 1- Não existem controles formais de qualidade. Erros são frequentes. | E12: =K$1&"- "&K12 -> 2- Controles pontuais ou reativos após reclamações. | F12: =L$1&"- "&L12 -> 3- Controles definidos, porém com falhas recorrentes e ações pouco estruturadas. | G12: =M$1&"- "&M12 -> 4- Controles eficazes, com redução consistente de erros e ações corretivas. | H12: =N$1&"- "&N12 -> 5- Qualidade elevada e estável, com erros raros e aprendizado contínuo. | J12: Não existem controles formais de qualidade. Erros são frequentes. | K12: Controles pontuais ou reativos após reclamações. | L12: Controles definidos, porém com falhas recorrentes e ações pouco estruturadas. | M12: Controles eficazes, com redução consistente de erros e ações corretivas. | N12: Qualidade elevada e estável, com erros raros e aprendizado contínuo.
A13: Operação | B13: Gestão de falhas e exceções | C13: Tratamento de falhas operacionais | D13: =J$1&"- "&J13 -> 1- Falhas são tratadas apenas de forma emergencial, sem análise estruturada. | E13: =K$1&"- "&K13 -> 2- Existe reação às falhas, porém sem registro ou aprendizado. | F13: =L$1&"- "&L13 -> 3- Falhas registradas, mas com análise superficial e repetição recorrente. | G13: =M$1&"- "&M13 -> 4- Falhas tratadas com método, análise de causa e ações corretivas. | H13: =N$1&"- "&N13 -> 5- Gestão madura de exceções, com prevenção, aprendizado e melhoria sistêmica. | J13: Falhas são tratadas apenas de forma emergencial, sem análise estruturada. | K13: Existe reação às falhas, porém sem registro ou aprendizado. | L13: Falhas registradas, mas com análise superficial e repetição recorrente. | M13: Falhas tratadas com método, análise de causa e ações corretivas. | N13: Gestão madura de exceções, com prevenção, aprendizado e melhoria sistêmica.
... A42: Controle de Estoque | B42: Métodos de armazenamento | C42: Otimização de espaço | D42: =J$1&"- "&J42 -> 1- Armazenamento desorganizado, sem método definido. | E42: =K$1&"- "&K42 -> 2- Métodos básicos de armazenamento, pouco otimizados. | F42: =L$1&"- "&L42 -> 3- Métodos definidos, porém com uso ineficiente do espaço. | G42: =M$1&"- "&M42 -> 4- Armazenamento organizado, com boa utilização do espaço. | H42: =N$1&"- "&N42 -> 5- Métodos avançados, maximizando espaço, fluxo e produtividade. | J42: Armazenamento desorganizado, sem método definido. | K42: Métodos básicos de armazenamento, pouco otimizados. | L42: Métodos definidos, porém com uso ineficiente do espaço. | M42: Armazenamento organizado, com boa utilização do espaço. | N42: Métodos avançados, maximizando espaço, fluxo e produtividade.

Sheet Rate Geral
A1: RATE FAUS
A2: Levantamento de Maturidade de Processos
A3: Cliente:
C9: Eixo | D9: Rate
C10: Processos | D10: =SUMIF(Distribuidor!$B$2:$B$42,'Rate Geral'!$C10,Distribuidor!$H$2:$H$42)/COUNTIF(Distribuidor!$B$2:$B$42,'Rate Geral'!C10) -> 0
C11: Operação | D11: =SUMIF(Distribuidor!$B$2:$B$42,'Rate Geral'!$C11,Distribuidor!$H$2:$H$42)/COUNTIF(Distribuidor!$B$2:$B$42,'Rate Geral'!C11) -> 0
C12: Tecnologia | D12: =SUMIF(Distribuidor!$B$2:$B$42,'Rate Geral'!$C12,Distribuidor!$H$2:$H$42)/COUNTIF(Distribuidor!$B$2:$B$42,'Rate Geral'!C12) -> 0
C13: Gestão | D13: =SUMIF(Distribuidor!$B$2:$B$42,'Rate Geral'!$C13,Distribuidor!$H$2:$H$42)/COUNTIF(Distribuidor!$B$2:$B$42,'Rate Geral'!C13) -> 0
C14: Cultura | D14: =SUMIF(Distribuidor!$B$2:$B$42,'Rate Geral'!$C14,Distribuidor!$H$2:$H$42)/COUNTIF(Distribuidor!$B$2:$B$42,'Rate Geral'!C14) -> 0
C15: Custos | D15: =SUMIF(Distribuidor!$B$2:$B$42,'Rate Geral'!$C15,Distribuidor!$H$2:$H$42)/COUNTIF(Distribuidor!$B$2:$B$42,'Rate Geral'!C15) -> 0
C16: Logística de Transporte | D16: =SUMIF(Distribuidor!$B$2:$B$42,'Rate Geral'!$C16,Distribuidor!$H$2:$H$42)/COUNTIF(Distribuidor!$B$2:$B$42,'Rate Geral'!C16) -> 0
C17: Controle de Estoque | D17: =SUMIF(Distribuidor!$B$2:$B$42,'Rate Geral'!$C17,Distribuidor!$H$2:$H$42)/COUNTIF(Distribuidor!$B$2:$B$42,'Rate Geral'!C17) -> 0
C18: Geral | D18: =SUM(Distribuidor!G2:G42) -> 0 | E18: =5-D18 -> 5 | F18: =10-D18-E18 -> 5
C23: PROCESSO | I23: OPERAÇÃO
C39: TECNOLOGIA | I39: GESTÃO
C55: CULTURA | I55: CUSTOS
C71: LOGÍSTICA DE TRANSPORTES | I71: CONTROLE DE ESTOQUE

Sheet Distribuidor
A1: Perfil | B1: Eixo | C1: Critério | D1: Peso | E1: Avaliação | F1: Rate | G1: Rate Geral | H1: Rate Eixo | J1: Mínimo | K1: Médio | L1: Máximo
A2: Distribuidor | B2: Processos | C2: Mapeamento de processos | D2: 0.02 | F2: =IFERROR(LEFT(E2,1)*1,0) -> 0 | G2: =D2*F2 -> 0 | H2: =SUMIF($B$2:$B$42,B2,$G$2:$G$42)/SUMIF($B$2:$B$42,B2,$D$2:$D$42) -> 0 | J2: 1 | K2: 3 | L2: 5
A3: Distribuidor | B3: Processos | C3: Padronização | D3: 0.03 | F3: =IFERROR(LEFT(E3,1)*1,0) -> 0 | G3: =D3*F3 -> 0 | H3: =SUMIF($B$2:$B$42,B3,$G$2:$G$42)/SUMIF($B$2:$B$42,B3,$D$2:$D$42) -> 0 | J3: 1 | K3: 3 | L3: 5
A4: Distribuidor | B4: Processos | C4: Trabalho padronizado | D4: 0.03 | F4: =IFERROR(LEFT(E4,1)*1,0) -> 0 | G4: =D4*F4 -> 0 | H4: =SUMIF($B$2:$B$42,B4,$G$2:$G$42)/SUMIF($B$2:$B$42,B4,$D$2:$D$42) -> 0 | J4: 1 | K4: 3 | L4: 5
A5: Distribuidor | B5: Processos | C5: Controles operacionais | D5: 0.02 | F5: =IFERROR(LEFT(E5,1)*1,0) -> 0 | G5: =D5*F5 -> 0 | H5: =SUMIF($B$2:$B$42,B5,$G$2:$G$42)/SUMIF($B$2:$B$42,B5,$D$2:$D$42) -> 0 | J5: 1 | K5: 3 | L5: 5
A6: Distribuidor | B6: Processos | C6: Aderência ao processo | D6: 0.03 | F6: =IFERROR(LEFT(E6,1)*1,0) -> 0 | G6: =D6*F6 -> 0 | H6: =SUMIF($B$2:$B$42,B6,$G$2:$G$42)/SUMIF($B$2:$B$42,B6,$D$2:$D$42) -> 0 | J6: 1 | K6: 3 | L6: 5
A7: Distribuidor | B7: Processos | C7: Medição de desempenho | D7: 0.02 | F7: =IFERROR(LEFT(E7,1)*1,0) -> 0 | G7: =D7*F7 -> 0 | H7: =SUMIF($B$2:$B$42,B7,$G$2:$G$42)/SUMIF($B$2:$B$42,B7,$D$2:$D$42) -> 0 | J7: 1 | K7: 3 | L7: 5
A8: Distribuidor | B8: Operação | C8: Slotting e layout | D8: 0.03 | F8: =IFERROR(LEFT(E8,1)*1,0) -> 0 | G8: =D8*F8 -> 0 | H8: =SUMIF($B$2:$B$42,B8,$G$2:$G$42)/SUMIF($B$2:$B$42,B8,$D$2:$D$42) -> 0 | J8: 1 | K8: 3 | L8: 5
A9: Distribuidor | B9: Operação | C9: Acuracidade de inventário | D9: 0.03 | F9: =IFERROR(LEFT(E9,1)*1,0) -> 0 | G9: =D9*F9 -> 0 | H9: =SUMIF($B$2:$B$42,B9,$G$2:$G$42)/SUMIF($B$2:$B$42,B9,$D$2:$D$42) -> 0 | J9: 1 | K9: 3 | L9: 5
A10: Distribuidor | B10: Operação | C10: Produtividade no picking | D10: 0.04 | F10: =IFERROR(LEFT(E10,1)*1,0) -> 0 | G10: =D10*F10 -> 0 | H10: =SUMIF($B$2:$B$42,B10,$G$2:$G$42)/SUMIF($B$2:$B$42,B10,$D$2:$D$42) -> 0 | J10: 1 | K10: 3 | L10: 5
A11: Distribuidor | B11: Operação | C11: Lead times operacionais | D11: 0.04 | F11: =IFERROR(LEFT(E11,1)*1,0) -> 0 | G11: =D11*F11 -> 0 | H11: =SUMIF($B$2:$B$42,B11,$G$2:$G$42)/SUMIF($B$2:$B$42,B11,$D$2:$D$42) -> 0 | J11: 1 | K11: 3 | L11: 5
A12: Distribuidor | B12: Operação | C12: Controle de qualidade | D12: 0.03 | F12: =IFERROR(LEFT(E12,1)*1,0) -> 0 | G12: =D12*F12 -> 0 | H12: =SUMIF($B$2:$B$42,B12,$G$2:$G$42)/SUMIF($B$2:$B$42,B12,$D$2:$D$42) -> 0 | J12: 1 | K12: 3 | L12: 5
A13: Distribuidor | B13: Operação | C13: Gestão de falhas e exceções | D13: 0.03 | F13: =IFERROR(LEFT(E13,1)*1,0) -> 0 | G13: =D13*F13 -> 0 | H13: =SUMIF($B$2:$B$42,B13,$G$2:$G$42)/SUMIF($B$2:$B$42,B13,$D$2:$D$42) -> 0 | J13: 1 | K13: 3 | L13: 5
... A42: Distribuidor | B42: Controle de Estoque | C42: Métodos de armazenamento | D42: 0.005 | F42: =IFERROR(LEFT(E42,1)*1,0) -> 0 | G42: =D42*F42 -> 0 | H42: =SUMIF($B$2:$B$42,B42,$G$2:$G$42)/SUMIF($B$2:$B$42,B42,$D$2:$D$42) -> 0 | J42: 1 | K42: 3 | L42: 5

Sheet Industria
A1: Perfil | B1: Eixo | C1: Critério | D1: Peso
A2: Indústria | B2: Processos | C2: Mapeamento de processos | D2: 0.025
A3: Indústria | B3: Processos | C3: Padronização | D3: 0.035
A4: Indústria | B4: Processos | C4: Trabalho padronizado | D4: 0.035
A5: Indústria | B5: Processos | C5: Controles operacionais | D5: 0.025
A6: Indústria | B6: Processos | C6: Aderência ao processo | D6: 0.03
A7: Indústria | B7: Processos | C7: Medição de desempenho | D7: 0.03
A8: Indústria | B8: Operação | C8: Slotting e layout | D8: 0.03
A9: Indústria | B9: Operação | C9: Acuracidade de inventário | D9: 0.03
A10: Indústria | B10: Operação | C10: Produtividade no picking | D10: 0.035
A11: Indústria | B11: Operação | C11: Lead times operacionais | D11: 0.035
A12: Indústria | B12: Operação | C12: Controle de qualidade | D12: 0.025
A13: Indústria | B13: Operação | C13: Gestão de falhas e exceções | D13: 0.025
... A42: Indústria | B42: Controle de Estoque | C42: Métodos de armazenamento | D42: 0.005

Sheet OperadorLogistico
A1: Perfil | B1: Eixo | C1: Critério | D1: Peso
A2: Operador Logístico | B2: Processos | C2: Mapeamento de processos | D2: 0.03
A3: Operador Logístico | B3: Processos | C3: Padronização | D3: 0.035
A4: Operador Logístico | B4: Processos | C4: Trabalho padronizado | D4: 0.035
A5: Operador Logístico | B5: Processos | C5: Controles operacionais | D5: 0.03
A6: Operador Logístico | B6: Processos | C6: Aderência ao processo | D6: 0.035
A7: Operador Logístico | B7: Processos | C7: Medição de desempenho | D7: 0.035
A8: Operador Logístico | B8: Operação | C8: Slotting e layout | D8: 0.035
A9: Operador Logístico | B9: Operação | C9: Acuracidade de inventário | D9: 0.03
A10: Operador Logístico | B10: Operação | C10: Produtividade no picking | D10: 0.04
A11: Operador Logístico | B11: Operação | C11: Lead times operacionais | D11: 0.04
A12: Operador Logístico | B12: Operação | C12: Controle de qualidade | D12: 0.03
A13: Operador Logístico | B13: Operação | C13: Gestão de falhas e exceções | D13: 0.03
... A42: Operador Logístico | B42: Controle de Estoque | C42: Métodos de armazenamento | D42: 0.003
